20250510_172525,2025-05-10 17:25:36,1,Sword (+10 ATK),20
20250510_172525,2025-05-10 17:25:52,3,Potion (+25 HP),15
20250510_172525,2025-05-10 17:25:54,3,Potion (+25 HP),15
20250510_172525,2025-05-10 17:26:00,3,Potion (+25 HP),15
20250510_172525,2025-05-10 17:26:02,3,Sword (+10 ATK),20
20250510_172525,2025-05-10 17:26:13,4,Sword (+10 ATK),20
20250510_172838,2025-05-10 17:29:00,3,Potion (+25 HP),15
20250510_172838,2025-05-10 17:29:01,3,Potion (+25 HP),15
20250510_172838,2025-05-10 17:29:01,3,Potion (+25 HP),15
20250510_172838,2025-05-10 17:29:03,3,Potion (+25 HP),15
20250510_172838,2025-05-10 17:29:04,3,Sword (+10 ATK),20
20250511_170900,2025-05-11 17:09:10,1,Sword (+10 ATK),20
20250511_170900,2025-05-11 17:09:26,2,Sword (+10 ATK),20
20250511_170900,2025-05-11 17:09:27,2,Potion (+25 HP),15
20250511_170900,2025-05-11 17:09:40,3,Potion (+25 HP),15
20250511_170900,2025-05-11 17:09:41,3,Potion (+25 HP),15
20250511_170900,2025-05-11 17:09:56,4,Sword (+10 ATK),20
20250511_170900,2025-05-11 17:09:57,4,Potion (+25 HP),15
